proper,id,hip,hd,hr,gl,bf,ra,dec,dist,pmra,pmdec,rv,mag,absmag,spect,ci,x,y,z,vx,vy,vz,rarad,decrad,pmrarad,pmdecrad,bayer,flam,con,comp,comp_primary,base,lum,var,var_min,var_max
Sol,0,,,,,,0,0,0,0,0,0,-26.7,4.85,G2V,0.656,5.00E-06,0,0,0,0,0,0,0,0,0,,,,1,0,,1,,,
Proxima Centauri,70666,70890,,,Gl 551,,14.495985,-62.679485,1.2959,-3775.64,768.16,-16,11.01,15.447,M5Ve,1.807,-0.472264,-0.361451,-1.151219,-1.19E-05,2.08E-05,1.68E-05,3.795039917,-1.093963385,-1.83E-05,3.72E-06,,,Cen,1,70666,,5.77E-05,V645,11.079,10.939
Rigil Kentaurus,71456,71683,128620,5459,Gl 559A,Alp1Cen,14.660765,-60.833976,1.3248,-3678.19,481.84,-26.2,-0.01,4.379,G2V,0.71,-0.495203,-0.414084,-1.156625,-7.22E-06,2.48E-05,2.49E-05,3.838179212,-1.061753176,-1.78E-05,2.34E-06,Alp-1,,Cen,1,71456,Gl 559,1.543121066,,0.113,-0.087
Barnard's Star,87665,87937,,,Gl 699,,17.963472,4.693388,1.8238,-797.84,9999.99,-111,9.54,13.235,sdM4,1.57,-0.017373,-1.816613,0.149123,-5.91E-06,0.0001204,7.89E-05,4.702826032,0.081915079,-3.87E-06,5.01E-05,,,Oph,1,87665,,0.000442588,V2500,9.59,9.49
Lalande 21185,53879,54035,95735,,Gl 411,,11.055632,35.969877,2.5469,-580.2,-4767.09,-84.3,7.49,10.46,M2V,1.502,-1.998,0.504305,1.495504,3.59E-05,-1.66E-06,-9.83E-05,2.894357577,0.627792793,-2.81E-06,-2.31E-05,,,UMa,1,53879,,0.005701643,,,
Sirius,32263,32349,48915,2491,Gl 244A,9Alp CMa,6.752481,-16.716116,2.6371,-546.01,-1223.08,-9.4,-1.44,1.454,A0m...,0.009,-0.494323,2.476731,-0.758485,9.53E-06,-1.21E-05,-1.22E-05,1.76779537,-0.291751259,-2.65E-06,-5.93E-06,Alp,9,CMa,1,32263,Gl 244,22.82443312,,-1.333,-1.523
Lacaille 9352,113687,114046,217987,,Gl 887,,23.097531,-35.853073,3.2759,6767.26,1326.66,9.5,7.35,9.773,M2/M3V,1.483,2.581532,-0.621353,-1.918773,4.48E-05,9.97E-05,1.14E-05,6.046919538,-0.625754162,3.28E-05,6.43E-06,,,PsA,1,113687,,0.010734949,,,
Procyon,37173,37279,61421,2943,Gl 280A,10Alp CMi,7.655033,5.224993,3.5142,-716.57,-1034.58,-4,0.4,2.671,F5IV-V,0.432,-1.469312,3.17617,0.320024,1.21E-05,2.89E-06,-1.79E-05,2.004083041,0.091193332,-3.47E-06,-5.02E-06,Alp,10,CMi,1,37173,Gl 280,7.440463662,,,
Luyten's Star,36107,36208,,,Gl 273,,7.456805,5.225785,3.8026,571.27,-3694.25,18.2,9.84,11.94,M5,1.573,-1.409549,3.514856,0.346358,-1.90E-05,1.91E-05,-6.61E-05,1.952186962,0.091207157,2.77E-06,-1.79E-05,,,CMi,1,36107,,0.001458814,,,
Kapteyn's Star,24129,24186,33793,,Gl 191,,5.194169,-45.018417,3.9114,6506.05,-5731.39,245.5,8.86,10.898,M0V,1.543,0.578997,2.705174,-2.76822,-9.95E-05,0.0001243,-0.00025439,1.359830239,-0.785719603,3.15E-05,-2.78E-05,,,Pic,1,24129,,0.003808904,VZ,9.148,8.828
Lacaille 8760,104751,105090,202560,,Gl 825,,21.287725,-38.867362,3.9462,-3259,-1146.99,28.2,6.69,8.709,M1/M2V,1.397,2.330004,-2.003156,-2.476477,-3.41E-05,-5.30E-05,-3.52E-05,5.573113374,-0.678363443,-1.58E-05,-5.56E-06,,,Mic,1,104751,,0.028602237,AX,6.707,6.667
Kruger 60,110547,110893,239960,,Gl 860A,,22.466642,57.695875,4.001,-870.23,-471.1,-33.3,9.59,11.579,M2V,1.613,1.968033,-0.83547,3.381486,-1.62E-05,-1.14E-05,-3.37E-05,5.881753023,1.006982982,-4.22E-06,-2.28E-06,,,Cep,1,110547,Gl 860,0.00203423,DO,9.628,9.548
Van Maanen's Star,3820,3829,,,Gl 35,,0.819416,5.38861,4.2626,1233.05,-2710.56,54,12.37,14.222,DG,0.554,4.146957,0.903519,0.400348,5.35E-05,3.77E-05,-5.06E-05,0.214522514,0.094048979,5.98E-06,-1.31E-05,,,,1,3820,,0.00017832,,12.621,12.091
Altair,97338,97649,187642,7557,Gl 768,53Alp Aql,19.846388,8.868322,5.1295,536.82,385.54,-26.1,0.76,2.21,A7IV-V,0.221,2.355468,-4.4873,0.790749,-1.12E-06,3.09E-05,5.36E-06,5.195772106,0.154781417,2.60E-06,1.87E-06,Alp,53,Aql,1,97338,,11.37627286,Alp,0.803,0.753
82 G. Eri,15471,15510,20794,1008,Gl 139,,3.331944,-43.069784,6.0434,3038.08,726.34,86.7,4.26,5.354,G8V,0.711,2.839238,3.381499,-4.127499,-1.72E-05,0.00011797,-4.50E-05,0.872300799,-0.751709536,1.47E-05,3.52E-06,,,Eri,1,15471,,0.628637088,,,
268 G. Cet,12082,12114,16160,753,Gl 105A,,2.601357,6.88687,7.1803,1806.27,1442.5,26,5.79,6.509,K3V,0.918,5.538462,4.488223,0.861013,-2.37E-05,6.17E-05,5.30E-05,0.681033735,0.120198562,8.76E-06,6.99E-06,,,Cet,1,12082,Gl 105,0.216970155,,,
96 G. Psc,3759,3765,4628,222,Gl 33,,0.806382,5.280615,7.4549,758.04,-1141.22,-10,5.74,6.378,K2V,0.89,7.258368,1.555495,0.686093,-1.20E-05,2.55E-05,-4.20E-05,0.211110319,0.092164116,3.68E-06,-5.53E-06,,,Psc,1,3759,,0.244793567,,,
Vega,90979,91262,172167,7001,Gl 721,3Alp Lyr,18.61564,38.783692,7.6787,201.02,287.46,-12.1,0.03,0.604,A0Vvar,-0.001,0.960565,-5.908009,4.809731,4.76E-06,1.73E-05,5.90E-07,4.873563096,0.676903116,9.75E-07,1.39E-06,Alp,3,Lyr,1,90979,,49.93441887,,,
Fomalhaut,113008,113368,216956,8728,Gl 881,24Alp PsA,22.960838,-29.622236,7.7036,329.22,-164.22,6.1,1.17,1.737,A3V,0.145,6.450517,-1.799476,-3.807757,5.61E-06,1.12E-05,-8.41E-06,6.011133384,-0.517005551,1.60E-06,-7.96E-07,Alp,24,PsA,1,113008,,17.58733354,,,
p Eridani,118084,7751,10361,487,Gl 66A,,1.663003,-56.19462,8.1466,268.8,25.41,19.5,5.8,6.245,K2 V,0.86,4.110128,1.912046,-6.7701,6.34E-06,1.47E-05,-1.60E-05,0.43537305,-0.980781133,1.30E-06,1.23E-07,,,Eri,1,118084,Gl 66,0.276694165,,,
Groombridge 1830,57767,57939,103095,4550,Gl 451A,,11.88282,37.718679,9.0917,4003.69,-5813,-99.1,6.42,6.627,G8Vp,0.754,-7.187679,0.220247,5.561623,-8.20E-05,-0.00017401,-0.00026465,3.110914983,0.658315145,1.94E-05,-2.82E-05,,,UMa,1,57767,Gl 451,0.194625616,CF,6.546,6.406
Pollux,37718,37826,62509,2990,Gl 286,78Bet Gem,7.755277,28.026199,10.3584,-625.69,-45.95,3.6,1.16,1.084,K0IIIvar,0.991,-4.055465,8.19518,4.867171,2.62E-05,1.78E-05,-3.10E-07,2.030326887,0.489149442,-3.03E-06,-2.23E-07,Bet,78,Gem,1,37718,,32.09223768,,,
Denebola,57459,57632,102647,4534,Gl 448,94Bet Leo,11.817663,14.57206,10.9999,-499.02,-113.78,-0.2,2.14,1.933,A3Vvar,0.09,-10.633926,0.508011,2.767546,-6.00E-08,2.66E-05,-5.92E-06,3.093856966,0.25433043,-2.42E-06,-5.52E-07,Bet,94,Leo,1,57459,,14.68249968,,,
Arcturus,69451,69673,124897,5340,Gl 541,16Alp Boo,14.26103,19.18241,11.2575,-1093.45,-1999.4,-5,-0.05,-0.307,K2IIIp,1.239,-8.823448,-5.932531,3.698938,-5.91E-05,3.22E-05,-0.00010473,3.733529029,0.334796218,-5.30E-06,-9.69E-06,Alp,16,Boo,1,69451,,115.5579955,,,
Mufrid,67711,67927,121370,5235,Gl 534,8Eta Boo,13.911411,18.397717,11.396,-60.95,-358.1,1,2.68,2.396,G0IV,0.58,-9.487671,-5.188142,3.596709,-7.95E-06,-5.10E-07,-1.85E-05,3.641998952,0.321100736,-2.95E-07,-1.74E-06,Eta,8,Boo,1,67711,,9.585173977,,,
Porrima,61748,61941,110379,4825,Gl 482A,29Gam Vir,12.694345,-1.449375,11.685,-616.66,60.66,-19.9,2.74,2.402,F0V+...,0.368,-11.488622,-2.111702,-0.295552,1.36E-05,3.80E-05,3.95E-06,3.323371774,-0.025296363,-2.99E-06,2.94E-07,Gam,29,Vir,1,61748,Gl 482,9.532350439,,,
Capella,24549,24608,34029,1708,Gl 194A,13Alp Aur,5.27815,45.997991,13.1234,75.52,-427.13,22.2,0.08,-0.51,M1: comp,0.795,1.712633,8.954439,9.440007,1.92E-06,3.56E-05,-2.54E-06,1.381816413,0.802816393,3.66E-07,-2.07E-06,Alp,13,Aur,1,24549,Gl 194,139.3156803,,,
Alshain,97725,98036,188512,7602,Gl 771A,60Bet Aql,19.921887,6.406763,13.6986,46.35,-481.32,-40.7,3.71,3.027,G8IVvar,0.855,6.563854,-11.925647,1.528534,-1.55E-05,3.46E-05,-3.64E-05,5.215537811,0.111819116,2.25E-07,-2.33E-06,Bet,60,Aql,1,97725,Gl 771,5.360434578,,,
Rasalhague,85769,86032,159561,6556,Gl 681,55Alp Oph,17.582241,12.560035,14.8965,110.08,-222.61,12.6,2.08,1.215,A5III,0.155,-1.587067,-14.453242,3.239454,6.15E-06,-1.69E-05,-1.29E-05,4.603020023,0.219213961,5.34E-07,-1.08E-06,Alp,55,Oph,1,85769,,28.44461107,,,
Alderamin,104861,105199,203280,8162,Gl 826,5Alp Cep,21.30963,62.585573,15.0376,149.91,48.27,-11.5,2.45,1.564,A7IV-V,0.257,5.276111,-4.483201,13.348778,5.70E-07,1.39E-05,-8.82E-06,5.578848152,1.092324305,7.27E-07,2.34E-07,Alp,5,Cep,1,104861,,20.62528698,,,
Castor,36744,36850,60179,2891,Gl 278A,66Alp Gem,7.576634,31.888276,15.5958,-206.33,-148.18,6,1.58,0.615,A2Vm,0.034,-5.311938,12.130011,8.238737,9.83E-06,1.65E-05,-6.27E-06,1.98355827,0.556555413,-1.00E-06,-7.18E-07,Alp,66,Gem,1,36744,Gl 278,49.4310687,,,
Caph,744,746,432,21,Gl 8,11Bet Cas,0.152887,59.14978,16.7842,523.39,-180.42,11.3,2.28,1.155,F2III-IV,0.38,8.600014,0.344589,14.409503,1.68E-05,4.33E-05,2.39E-06,0.040025853,1.032358404,2.54E-06,-8.75E-07,Bet,11,Cas,1,744,,30.06076303,Bet,2.303,2.263
Zosma,54712,54872,97603,4357,Gl 419,68Del Leo,11.235138,20.523717,17.9147,143.31,-130.43,-20.2,2.56,1.294,A4V,0.128,-16.442201,3.337108,6.280742,1.26E-05,-1.53E-05,-1.79E-05,2.941352165,0.358206432,6.95E-07,-6.32E-07,Del,68,Leo,1,54712,,26.44843627,,,
Sheratan,8884,8903,11636,553,Gl 80,6Bet Ari,1.910668,20.808035,17.9856,96.32,-108.8,-4,2.64,1.365,A5V...,0.165,14.752622,8.063457,6.389157,-4.43E-06,7.15E-06,-1.03E-05,0.500211742,0.363168722,4.67E-07,-5.27E-07,Bet,6,Ari,1,8884,,24.77422058,,,
Menkent,68714,68933,123139,5288,Gl 539,5The Cen,14.111395,-36.369954,18.0343,-519.29,-517.87,1.3,2.06,0.78,K0IIIb,1.011,-12.358808,-7.624204,-10.694288,-1.90E-06,5.22E-05,-3.72E-05,3.694354548,-0.634775453,-2.52E-06,-2.51E-06,The,5,Cen,1,68714,,42.46195639,,,
Hamal,9861,9884,12929,617,Gl 84.3,13Alp Ari,2.119555,23.462423,20.1776,190.73,-145.77,-14.4,2.01,0.486,K2III,1.151,15.731986,9.751722,8.03361,-1.65E-05,1.17E-05,-1.89E-05,0.554898131,0.409496533,9.25E-07,-7.07E-07,Alp,13,Ari,1,9861,,55.66727982,,,
Aldebaran,21368,21421,29139,1457,Gl 171.1A,87Alp Tau,4.598677,16.509301,20.4332,62.78,-189.36,54.5,0.87,-0.682,K5III,1.538,7.02722,18.287604,5.806661,1.53E-05,5.71E-05,-2.14E-06,1.203930811,0.288141666,3.04E-07,-9.18E-07,Alp,87,Tau,1,21368,Gl 171.1,163.2300073,Alp,0.888,0.858
Gienah,102157,102488,197989,7949,Gl 806.1A,53Eps Cyg,20.770178,33.970256,22.2916,356.16,330.28,-10.9,2.48,0.739,K0III,1.021,12.262597,-13.834612,12.455654,9.44E-06,4.74E-05,2.34E-05,5.437619819,0.592892816,1.73E-06,1.60E-06,Eps,53,Cyg,1,102157,Gl 806.1,44.09608165,,,
Unukalhai,76835,77070,140573,5854,Gl 596.2,24Alp Ser,15.737798,6.425627,22.6757,134.66,44.14,2.7,2.63,0.852,K2III,1.167,-12.5786,-18.695648,2.537718,1.11E-05,-1.01E-05,5.13E-06,4.120145986,0.112148346,6.53E-07,2.14E-07,Alp,24,Ser,1,76835,,39.73745051,,,
Alphekka,76035,76267,139006,5793,,5Alp CrB,15.578128,26.714693,23.0097,120.38,-89.44,2,2.22,0.41,A0V,0.032,-12.176093,-16.558746,10.343974,7.08E-06,-1.30E-05,-7.99E-06,4.078344289,0.466259351,5.84E-07,-4.34E-07,Alp,5,CrB,1,76035,,59.70352866,Alp,2.289,2.209
Zubenelgenubi,72396,72622,130841,5531,Gl 564.1,9Alp2Lib,14.847977,-16.041778,23.2396,-105.69,-69,-46.7,2.75,0.919,A3IV,0.147,-16.408581,-15.151818,-6.421874,2.72E-05,4.14E-05,5.73E-06,3.88719117,-0.279981846,-5.12E-07,-3.35E-07,Alp-2,9,Lib,1,72396,,37.35940923,,,
Kaus Borealis,90217,90496,169916,6913,Gl 713.1,22Lam Sgr,18.466179,-25.4217,23.9693,-44.81,-186.29,-43.2,2.82,0.922,K1IIIb,1.025,2.635486,-21.487046,-10.289309,-1.12E-05,4.82E-05,-5.80E-07,4.834434275,-0.443692368,-2.17E-07,-9.03E-07,Lam,22,Sgr,1,90217,,37.25632385,,,
Regulus,49528,49669,87901,3982,,32Alp Leo,10.139532,11.967207,24.3132,-249.4,4.91,6,1.36,-0.569,B7V,-0.087,-21.018857,11.132218,5.041397,8.56E-06,2.87E-05,1.84E-06,2.654523172,0.208867165,-1.21E-06,2.38E-08,Alp,32,Leo,1,49528,,147.0957077,,,
Merak,53754,53910,95418,4295,Wo 9343,48Bet UMa,11.030677,56.382427,24.4499,81.66,33.74,-12,2.34,0.399,A1V,0.033,-13.103033,3.398358,20.360601,7.37E-06,-1.19E-05,-8.01E-06,2.887824569,0.984058986,3.96E-07,1.64E-07,Bet,48,UMa,1,53754,,60.31148196,,,
Megrez,59592,59774,106591,4660,Gl 459,69Del UMa,12.257086,57.032617,24.6853,103.56,7.81,-13.4,3.32,1.358,A3Vvar,0.077,-13.402309,-0.903455,20.710384,9.06E-06,-1.18E-05,-1.10E-05,3.208897599,0.995406944,5.02E-07,3.79E-08,Del,69,UMa,1,59592,,24.93446188,,,
Menkalinan,28288,28360,40183,2088,NN 3375,34Bet Aur,5.992149,44.947433,24.8694,-56.41,-0.88,-19.4,1.9,-0.078,A2V,0.077,0.036195,17.601288,17.569058,6.77E-06,-1.40E-05,-1.41E-05,1.568740945,0.784480691,-2.73E-07,-4.27E-09,Bet,34,Aur,1,28288,,93.58365436,Bet,1.967,1.897
Alcor,65272,65477,116842,5062,NN 3785,80    UMa,13.420413,54.987958,25.0564,120.35,-16.94,-8.9,3.99,1.995,A5V SB,0.169,-13.393436,-5.223608,20.521915,8.61E-06,-1.23E-05,-8.64E-06,3.51345583,0.959720908,5.83E-07,-8.21E-08,,80,UMa,1,65272,,13.86755829,,,
Cebalrai,86475,86742,161096,6603,,60Bet Oph,17.724543,4.567303,25.0941,-40.67,158.8,-12,2.76,0.762,K2III,1.168,-1.802333,-24.949291,1.998237,-3.94E-06,1.41E-05,1.83E-05,4.640274383,0.079714471,-1.97E-07,7.70E-07,Bet,60,Oph,1,86475,,43.17178445,,,
Alioth,62757,62956,112185,4905,,77Eps UMa,12.900472,55.959821,25.31,111.74,-8.99,-9,1.76,-0.256,A0p,-0.022,-13.775959,-3.309169,20.972944,7.32E-06,-1.23E-05,-8.24E-06,3.37733559,0.976683127,5.42E-07,-4.36E-08,Eps,77,UMa,1,62757,,110.2554332,Eps,1.776,1.746
Phad,57828,58001,103287,4554,,64Gam UMa,11.897168,53.69476,25.5037,107.76,11.16,-13,2.41,0.377,A0V SB,0.044,-15.094867,0.406425,20.552678,8.62E-06,-1.36E-05,-9.90E-06,3.114671245,0.937150353,5.22E-07,5.41E-08,Gam,64,UMa,1,57828,,61.54602374,,,
Ankaa,2076,2081,2261,99,,Alp Phe,0.438056,-42.305981,25.974,232.76,-353.64,75,2.4,0.327,K0III...,1.083,19.083654,2.198282,-17.483284,2.32E-05,3.22E-05,-8.46E-05,0.114682903,-0.738378669,1.13E-06,-1.71E-06,Alp,,Phe,1,2076,,64.44659847,,,
Mizar,65173,65378,116656,5054,NN 3783A,79Zet UMa,13.398747,54.925362,26.3089,121.23,-22.01,-5.6,2.23,0.129,A2V,0.057,-14.115808,-5.413302,21.531272,6.46E-06,-1.41E-05,-6.30E-06,3.507783855,0.958628404,5.88E-07,-1.07E-07,Zet,79,UMa,1,65173,NN 3783,77.3392578,,2.336,2.196
Algorab,60776,60965,108767,4757,,7Del Crv,12.497739,-16.515432,26.6312,-209.97,-139.3,9,2.94,0.813,B9.5V,-0.012,-25.316094,-3.317674,-7.57057,-7.20E-06,2.64E-05,-1.99E-05,3.271900435,-0.288248674,-1.02E-06,-6.75E-07,Del,7,Crv,1,60776,,41.19077849,,,
Gacrux,60893,61084,108903,4763,,Gam Cru,12.519429,-57.113212,27.1518,27.94,-264.33,21,1.59,-0.579,M4III,1.6,-14.606901,-1.998688,-22.800748,1.79E-05,-1.26E-06,-3.69E-05,3.277578929,-0.996813589,1.35E-07,-1.28E-06,Gam,,Cru,1,60893,,148.4567675,,,
Cursa,23820,23875,33111,1666,Wo 9175,67Bet Eri,5.130829,-5.086446,27.3973,-83.39,-75.44,-9.2,2.78,0.591,A3IIIvar,0.161,6.156194,26.585876,-2.429001,8.48E-06,-1.25E-05,-9.15E-06,1.343247953,-0.088775232,-4.04E-07,-3.66E-07,Bet,67,Eri,1,23820,,50.53589948,,,
Algol,14540,14576,19356,936,,26Bet Per,3.136148,40.955648,27.571,2.39,-1.44,4,2.09,-0.112,B8V,-0.003,14.189428,15.238793,18.072114,1.96E-06,2.57E-06,2.54E-06,0.821041501,0.714810898,1.16E-08,-6.98E-09,Bet,26,Per,1,14540,,96.56060985,Bet,2.213,2.073
Diphda,3413,3419,4128,188,Gl 31,16Bet Cet,0.72649,-17.986605,29.5334,232.79,32.71,13.3,2.04,-0.312,K0III,1.019,27.583638,5.310463,-9.119792,7.82E-06,3.55E-05,2.50E-07,0.190194642,-0.31392547,1.13E-06,1.59E-07,Bet,16,Cet,1,3413,,116.091387,,,
Nash,88361,88635,165135,6746,,10Gam2Sgr,18.096803,-30.424091,29.7,-55.75,-181.53,22,2.98,0.616,K0III,0.981,0.648969,-25.602281,-15.040072,-7.87E-06,-6.37E-06,-3.39E-05,4.737732034,-0.531000564,-2.70E-07,-8.80E-07,Gam-2,10,Sgr,1,88361,,49.38556196,,,
Alpheratz,676,677,358,15,,21Alp And,0.139791,29.090432,29.7442,135.68,-162.95,-12,2.07,-0.297,B9p,-0.038,25.974572,0.951042,14.461264,-2.00E-08,1.96E-05,-2.65E-05,0.036597163,0.507723818,6.58E-07,-7.90E-07,Alp,21,And,1,676,,114.4985535,Alp,2.083,2.063
Ruchbah,6672,6686,8538,403,,37Del Cas,1.430216,60.235283,30.4785,297.24,-49.49,7,2.66,0.24,A5Vv SB,0.16,14.082378,5.53413,26.457567,-6.85E-06,4.45E-05,2.58E-06,0.374429587,1.051304016,1.44E-06,-2.40E-07,Del,37,Cas,1,6672,,69.82324041,Del,2.666,2.656
Alnair,108922,109268,209952,8425,Gl 848.2,Alp Gru,22.137209,-46.960975,30.9693,127.6,-147.91,10.9,1.73,-0.725,B7IV,-0.07,18.672505,-9.904001,-22.635193,1.36E-06,2.10E-05,-2.33E-05,5.795507643,-0.81962364,6.19E-07,-7.17E-07,Alp,,Gru,1,108922,,169.8243652,,,
Alkaid,67088,67301,120315,5191,,85Eta UMa,13.792354,49.313265,31.8674,-121.23,-15.56,-11,1.85,-0.667,B3V SB,-0.099,-18.529548,-9.394541,24.164506,-3.55E-06,1.92E-05,-1.01E-05,3.610829901,0.860678839,-5.88E-07,-7.54E-08,Eta,85,UMa,1,67088,,160.9904076,,,
Alhena,31601,31681,47105,2421,,24Gam Gem,6.628528,16.399252,33.5121,-2.04,-66.92,-13,1.93,-0.696,A0IV,0.001,-5.266162,31.714389,9.461403,1.91E-06,-9.50E-06,-1.42E-05,1.735344593,0.286220944,-9.89E-09,-3.24E-07,Gam,24,Gem,1,31601,,165.3484012,,,
Vindemiatrix,63405,63608,113226,4932,,47Eps Vir,13.036278,10.95915,33.6022,-275.05,19.96,-14,2.85,0.218,G8IIIvar,0.934,-31.782664,-8.840495,6.38806,2.13E-06,4.71E-05,4.70E-07,3.412889543,0.191273257,-1.33E-06,9.68E-08,Eps,47,Vir,1,63405,,71.25248248,,,
Miaplacidus,45106,45238,80007,3685,,Bet Car,9.220041,-69.717208,34.6981,-157.66,108.91,-5,1.67,-1.032,A2IV,0.07,-8.980712,8.001552,-32.546536,6.13E-06,3.01E-05,1.12E-05,2.413801173,-1.216794819,-7.64E-07,5.28E-07,Bet,,Car,1,45106,,225.3201336,,,
Cor Caroli,62925,63125,112413,4915,,12Alp2CVn,12.933807,38.31838,35.1989,-233.43,54.98,-3,2.89,0.157,A0spe...,-0.115,-26.795114,-6.684223,21.824384,-1.66E-06,4.06E-05,5.46E-06,3.386062718,0.66878189,-1.13E-06,2.67E-07,Alp-2,12,CVn,1,62925,,75.37025767,Alp-2,2.943,2.863
Dubhe,53905,54061,95689,4301,,50Alp UMa,11.062155,61.751033,37.679,-136.46,-35.25,-9,1.81,-1.07,F7V comp,1.061,-17.298705,4.33488,33.191332,4.78E-06,2.45E-05,-1.12E-05,2.89606535,1.077758845,-6.62E-07,-1.71E-07,Alp,50,UMa,1,53905,,233.3458062,,,
Algieba,50440,50583,89484,4057,,41Gam1Leo,10.332873,19.841489,39.8883,310.77,-152.88,-37,2.01,-0.994,K0III,1.128,-34.002797,15.860719,13.53874,-2.24E-06,-6.53E-05,-4.07E-05,2.705139837,0.346299306,1.51E-06,-7.41E-07,Gam-1,41,Leo,1,50440,,217.5704951,,,
Kochab,72380,72607,131873,5563,,7Bet UMi,14.845105,74.155505,40.1445,-32.29,11.91,17,2.07,-0.948,K4IIIvar,1.465,-8.058164,-7.429707,38.619407,-6.11E-06,2.91E-06,1.74E-05,3.88643929,1.294257717,-1.57E-07,5.77E-08,Bet,7,UMi,1,72380,,208.5451048,,,
Markab,113603,113963,218045,8781,,54Alp Peg,23.079348,15.205264,40.8831,61.1,-42.56,-4,2.49,-0.568,B9.5III,-0.002,38.311434,-9.417123,10.722722,1.21E-06,1.22E-05,-9.21E-06,6.042159146,0.265381927,2.96E-07,-2.06E-07,Alp,54,Peg,1,113603,,146.9602899,,,
Alnath,25364,25428,35497,1791,,112Bet Tau,5.438198,28.60745,41.0509,23.28,-174.22,9,1.65,-1.417,B7III,-0.13,5.281578,35.6504,19.655456,-9.70E-07,2.51E-05,-2.60E-05,1.423716809,0.499294192,1.13E-07,-8.45E-07,Bet,112,Tau,1,25364,,321.2180934,,,
Kornephoros,80571,80816,148856,6148,,27Bet Her,16.503668,21.489613,42.6621,-98.43,-14.49,-26,2.78,-0.37,G8III,0.947,-15.155861,-36.689058,15.62843,-9.79E-06,2.96E-05,-1.25E-05,4.320650131,0.375064505,-4.77E-07,-7.02E-08,Bet,27,Her,1,80571,,122.4616199,,,
Achernar,7574,7588,10144,472,,Alp Eri,1.628556,-57.236757,42.7533,88.02,-40.08,16,0.45,-2.705,B3Vp,-0.158,21.065573,9.568417,-35.951967,-5.84E-06,1.74E-05,-1.83E-05,0.426355066,-0.998969869,4.27E-07,-1.94E-07,Alp,,Eri,1,7574,,1051.961874,Alp,0.487,0.427
Kaus Australis,89906,90185,169022,6879,,20Eps Sgr,18.402868,-34.384616,43.9367,-39.61,-124.05,-15,1.79,-1.424,B9.5III,-0.031,3.817188,-36.057831,-24.812975,-1.13E-05,2.65E-05,-1.31E-05,4.817859453,-0.600124762,-1.92E-07,-6.01E-07,Eps,20,Sgr,1,89906,,323.2957534,,,
Kraz,61166,61359,109379,4786,,9Bet Crv,12.573121,-23.396759,44.6628,0.86,-56,-8,2.65,-0.6,G5II,0.893,-40.529889,-6.127261,-17.73539,1.22E-05,1.66E-06,-7.88E-06,3.2916353,-0.408350481,4.17E-09,-2.71E-07,Bet,9,Crv,1,61166,,151.3561248,,,
Gienah Ghurab,59621,59803,106625,4662,,4Gam Crv,12.263437,-17.541929,47.1032,-159.58,22.31,-4,2.58,-0.785,B8III,-0.107,-44.805937,-3.095058,-14.197066,-1.50E-07,3.65E-05,6.09E-06,3.210560407,-0.306164426,-7.74E-07,1.08E-07,Gam,4,Crv,1,59621,,179.4733627,,,
Etamin,87561,87833,164058,6705,,33Gam Dra,17.943437,51.488895,47.3037,-8.52,-23.05,-28,2.24,-1.134,K5III,1.521,-0.436154,-29.451035,37.014357,-1.75E-06,1.37E-05,-2.57E-05,4.697580792,0.898650744,-4.13E-08,-1.12E-07,Gam,33,Dra,1,87561,,247.5141318,,,
Nihal,25542,25606,36079,1829,,9Bet Lep,5.470756,-20.759441,49.1642,-5.03,-85.92,-14,2.81,-0.648,G5II,0.807,6.349344,45.531613,-17.425966,-1.66E-06,-2.06E-05,-1.41E-05,1.432240699,-0.362320595,-2.44E-08,-4.17E-07,Bet,9,Lep,1,25542,,158.1976399,,,
Acamar,13813,13847,18622,897,,The1Eri,2.971023,-40.304672,49.4315,-53.53,25.71,12,2.88,-0.59,A4III+...,0.128,26.85749,26.453029,-31.974932,1.85E-05,2.30E-07,-3.24E-06,0.777812118,-0.703449236,-2.60E-07,1.25E-07,The-1,,Eri,1,13813,,149.9684836,,,
Gomeisa,36087,36188,58715,2845,,3Bet CMi,7.452512,8.289315,49.5786,-50.28,-38.45,22,2.89,-0.586,B8Vvar,-0.097,-18.209817,45.556204,7.147858,2.46E-06,2.64E-05,-5.90E-06,1.951063059,0.144675847,-2.44E-07,-1.86E-07,Bet,3,CMi,1,36087,,149.4169957,Bet,2.896,2.876
Peacock,100425,100751,193924,7790,,Alp Pav,20.427459,-56.73509,54.8246,7.71,-86.15,2,1.94,-1.755,B2IV,-0.118,17.850262,-24.200974,-45.841245,-9.05E-06,1.57E-05,-1.43E-05,5.347896379,-0.990214122,3.74E-08,-4.18E-07,Alp,,Pav,1,100425,,438.5306978,,,
Alphard,46259,46390,81797,3748,,30Alp Hya,9.45979,-8.658603,55.2792,-14.49,33.25,-4,1.99,-1.723,K3III,1.44,-43.003468,33.722848,-8.322089,4.52E-06,1.39E-06,9.42E-06,2.47656718,-0.151121122,-7.02E-08,1.61E-07,Alp,30,Hya,1,46259,,425.7944536,,,
Zubeneschemali,74556,74785,135742,5685,,27Bet Lib,15.283449,-9.382917,56.7537,-96.39,-20.76,-35,2.61,-1.16,B8V,-0.071,-36.549398,-42.420251,-9.252607,3.57E-06,4.48E-05,2.00E-07,4.001197527,-0.163762802,-4.67E-07,-1.01E-07,Bet,27,Lib,1,74556,,253.512863,,,
Scheat,113521,113881,217906,8775,,53Bet Peg,23.062901,28.082789,60.0962,187.76,137.61,9,2.44,-1.454,M2II-IIIvar,1.655,51.433435,-12.877612,28.290136,2.86E-06,5.57E-05,3.97E-05,6.037853304,0.490137132,9.10E-07,6.67E-07,Bet,53,Peg,1,113521,,332.3533036,Bet,2.584,2.384
Mirach,5436,5447,6860,337,Gl 53.3,43Bet And,1.162194,35.620558,60.5327,175.59,-112.23,-0.8,2.07,-1.84,M0IIIvar,1.576,46.946371,14.741814,35.255129,2.23E-06,5.47E-05,-2.73E-05,0.304261793,0.621696012,8.51E-07,-5.44E-07,Bet,43,And,1,5436,,474.2419853,,,
Izar,71879,72105,129988,5505,,36Eps Boo,14.749784,27.074222,62.1118,-50.65,20,-23,2.35,-1.616,A0,0.966,-41.582771,-36.462926,28.269741,7.75E-06,2.71E-05,-5.34E-06,3.861484338,0.472534323,-2.46E-07,9.70E-08,Eps,36,Boo,1,71879,,385.8335599,,,
Zaurak,18497,18543,25025,1231,,34Gam Eri,3.967157,-13.508515,62.3441,60.51,-111.34,62,2.97,-1.004,M1IIIb Ca-1,1.588,30.760217,52.235828,-14.56308,1.15E-05,5.56E-05,-4.75E-05,1.038599284,-0.235768069,2.93E-07,-5.40E-07,Gam,34,Eri,1,18497,,219.5836501,Gam,3,2.95
Matar,111804,112158,215182,8650,,44Eta Peg,22.716704,30.221245,65.703,13.11,-26.11,4,2.93,-1.158,G2II-III..,0.852,53.59916,-18.717064,33.070991,8.67E-06,1.40E-06,-5.13E-06,5.947219325,0.527460231,6.36E-08,-1.27E-07,Eta,44,Peg,1,111804,,253.0463049,,,
Nunki,92564,92855,175191,7121,,34Sig Sgr,18.92109,-26.296722,69.8324,13.87,-52.65,-11,2.05,-2.17,B2.5V,-0.134,14.950858,-60.794062,-30.937099,2.70E-07,1.86E-05,-1.10E-05,4.953529829,-0.458964384,6.72E-08,-2.55E-07,Sig,34,Sgr,1,92564,,642.6877173,,,
Shedir,3172,3179,3712,168,,18Alp Cas,0.675116,56.537331,69.979,50.36,-32.17,-4,2.24,-1.985,K0II-IIIvar,1.17,37.984817,6.784483,58.379619,3.74E-06,1.80E-05,-9.43E-06,0.176744881,0.986762576,2.44E-07,-1.56E-07,Alp,18,Cas,1,3172,,542.0008904,Alp,2.25,2.23
Ras Elased Australis,47772,47908,84441,3873,,17Eps Leo,9.764188,23.774255,75.643,-46.09,-9.57,4,2.97,-1.424,G0II,0.808,-57.700126,38.244772,30.494289,5.04E-06,1.69E-05,-1.56E-06,2.556258344,0.41493902,-2.23E-07,-4.64E-08,Eps,17,Leo,1,47772,,323.2957534,,,
Menkar,14100,14135,18884,911,,92Alp Cet,3.037992,4.089734,76.3942,-11.81,-78.76,-26,2.54,-1.875,M2III,1.63,53.342561,54.414384,5.448321,-1.40E-05,-2.05E-05,-3.10E-05,0.795344514,0.071379323,-5.73E-08,-3.82E-07,Alp,92,Cet,1,14100,,489.7788194,Alp,2.561,2.521
Spica,65269,65474,116658,5056,,67Alp Vir,13.419883,-11.161322,76.5697,-42.5,-31.73,1,0.98,-3.44,B1V,-0.235,-69.990853,-27.285826,-14.82176,-4.54E-06,1.52E-05,-1.18E-05,3.513317218,-0.194801818,-2.06E-07,-1.54E-07,Alp,67,Vir,1,65269,,2070.141349,Alp,1.001,0.961
Bellatrix,25273,25336,35468,1790,,24Gam Ori,5.418851,6.349702,77.3994,-8.75,-13.28,18,1.64,-2.804,B2III,-0.224,11.658576,76.036136,8.56012,6.10E-06,1.81E-05,-2.92E-06,1.418651834,0.11082321,-4.24E-08,-6.44E-08,Gam,24,Ori,1,25273,,1152.391377,,,
Phakt,26569,26634,37795,1956,,Alp Col,5.660817,-34.074108,80.1282,-0.1,-24.05,35,2.65,-1.869,B7IV,-0.12,5.885917,66.110037,-44.89318,2.20E-06,2.43E-05,-2.78E-05,1.481998327,-0.594705371,-4.85E-10,-1.17E-07,Alp,,Col,1,26569,,487.0796665,,,
Becrux,62239,62434,111123,4853,,Bet Cru,12.795359,-59.688764,85.3971,-48.24,-12.82,16,1.25,-3.407,B0.5III,-0.238,-42.168771,-8.909619,-73.723149,-7.73E-06,1.88E-05,-1.68E-05,3.349817027,-1.04176545,-2.34E-07,-6.22E-08,Bet,,Cru,1,62239,,2008.167804,Bet,1.267,1.237
Mira,10800,10826,14386,681,,68Omi Cet,2.322442,-2.977643,91.659,10.33,-239.48,64,6.47,1.659,M5e-M9e,0.966,75.131148,52.288786,-4.761374,4.65E-05,3.80E-05,-0.00010967,0.608013998,-0.051969667,5.01E-08,-1.16E-06,Omi,68,Cet,1,10800,,18.89731054,Omi,8.511,4.871
Sargas,85965,86228,159532,6553,,The Sco,17.62198,-42.997824,92.081,6.06,-0.95,1,1.86,-2.961,F1II,0.406,-6.654055,-67.016643,-62.796539,2.65E-06,-7.20E-07,-1.01E-06,4.613423665,-0.750453596,2.94E-08,-4.61E-09,The,,Sco,1,85965,,1331.680376,,,
Thuban,68537,68756,123299,5291,,11Alp Dra,14.073165,64.37585,92.9368,-56.52,17.19,-13,3.67,-1.171,A0III SB,-0.049,-34.416017,-20.758849,83.796391,-2.25E-06,2.84E-05,-8.64E-06,3.684345906,1.123570548,-2.74E-07,8.33E-08,Alp,11,Dra,1,68537,,256.0943517,,,
Canopus,30365,30438,45348,2326,,Alp Car,6.399195,-52.69566,94.7867,19.99,23.67,21,-0.62,-5.504,F0Ib,0.164,-5.992679,57.132034,-75.396105,-1.14E-05,2.06E-05,-1.05E-05,1.675305352,-0.919712775,9.69E-08,1.15E-07,Alp,,Car,1,30365,,13854.79168,,-0.547,-0.667
Acrux,60530,60718,108248,4730,,Alp1Cru,12.443311,-63.099092,98.7167,-35.37,-14.73,-11,0.77,-4.202,B0.5IV,-0.243,-44.363755,-5.171957,-88.034513,9.34E-06,1.81E-05,6.84E-06,3.257651282,-1.101286903,-1.71E-07,-7.14E-08,Alp-1,,Cru,1,60530,,4176.37993,,,
Kaus Meridionalis,89653,89931,168454,6859,,19Del Sgr,18.3499,-29.828103,106.6098,29.96,-26.38,-20,2.72,-2.419,K3III,1.38,8.460232,-92.098382,-53.027575,1.32E-05,2.58E-05,-1.65E-06,4.803992513,-0.52059861,1.45E-07,-1.28E-07,Del,19,Sgr,1,89653,,808.3510374,,,
Rasalgethi,84086,84345,156014,6406,,64Alp1Her,17.244127,14.390333,110.2536,-6.71,32.78,-33,2.78,-2.432,M5IIvar,1.164,-20.995512,-104.709944,27.400863,3.77E-06,3.70E-05,8.58E-06,4.514501981,0.251158688,-3.25E-08,1.59E-07,Alp-1,64,Her,1,84086,,818.0879579,Alp,2.967,2.567
Rastaban,85410,85670,159181,6536,,23Bet Dra,17.507213,52.301387,116.5501,-15.59,11.57,-20,2.79,-2.543,G2II,0.954,-9.169333,-70.678899,92.218765,-6.46E-06,1.87E-05,-1.22E-05,4.583377712,0.912831407,-7.56E-08,5.61E-08,Bet,23,Dra,1,85410,,906.1498022,,,
Atria,82022,82273,150798,6217,,Alp TrA,16.811077,-69.027715,119.7605,17.85,-32.92,-3,1.91,-3.482,K2IIb-IIIa,1.447,-13.127447,-40.804561,-111.826781,1.57E-05,1.49E-05,-3.98E-06,4.401129586,-1.204760901,8.65E-08,-1.60E-07,Alp,,TrA,1,82022,,2151.79057,,,
Algenib,1065,1067,886,39,,88Gam Peg,0.220598,15.183596,120.048,4.7,-8.24,4,2.83,-2.567,B2IV,-0.19,115.664183,6.687324,31.442127,5.04E-06,3.03E-06,-3.56E-06,0.057752413,0.26500374,2.28E-08,-3.99E-08,Gam,88,Peg,1,1065,,926.4031007,Gam,2.846,2.816
Hadar,68483,68702,122451,5267,,Bet Cen,14.063729,-60.373039,120.1923,-33.96,-25.06,6,0.61,-4.789,B1III,-0.231,-50.954051,-30.56287,-104.478695,-1.89E-06,2.19E-05,-1.26E-05,3.68187566,-1.053708314,-1.65E-07,-1.21E-07,Bet,,Cen,1,68483,,7171.334827,Bet,0.634,0.594
Almaak,9618,9640,12533,603,,57Gam1And,2.064984,42.329725,120.4819,43.08,-50.85,-12,2.1,-3.305,B8V,1.37,76.368059,45.840864,81.131974,-3.58E-06,2.72E-05,-3.02E-05,0.540611677,0.738793067,2.09E-07,-2.47E-07,Gam-1,57,And,1,9618,,1828.100216,,,
Tarazed,96970,97278,186791,7525,,50Gam Aql,19.770994,10.613261,121.0654,15.72,-3.08,-2,2.72,-2.695,K3II,1.507,53.215608,-106.431852,22.297682,7.50E-06,5.63E-06,-2.15E-06,5.176034186,0.185236351,7.62E-08,-1.49E-08,Gam,50,Aql,1,96970,,1042.317429,,,
Alcyone,17661,17702,23630,1165,,25Eta Tau,3.79141,24.105137,123.6094,19.35,-43.11,10,2.85,-2.61,B7III,-0.086,61.664507,94.489136,50.483636,1.16E-06,2.30E-05,-1.94E-05,0.992588775,0.420714009,9.38E-08,-2.09E-07,Eta,25,Tau,1,17661,,963.8290236,,,
Graffias,78580,78820,144217,5984,,8Bet1Sco,16.09062,-19.805453,123.9157,-6.75,-24.89,-1,2.56,-2.906,B0.5V,-0.065,-55.881427,-102.320756,-41.98604,-6.70E-07,7.23E-06,-1.37E-05,4.212514383,-0.34567037,-3.27E-08,-1.21E-07,Bet-1,8,Sco,1,78580,,1265.901749,,,
Adhara,33492,33579,52089,2618,,21Eps CMa,6.977097,-28.972084,124.2236,2.63,2.29,27,1.5,-3.971,B2II,-0.211,-27.497987,105.141608,-60.171969,-7.81E-06,2.36E-05,-1.22E-05,1.826599649,-0.505658252,1.28E-08,1.11E-08,Eps,21,CMa,1,33492,,3375.981049,,,
Polaris,11734,11767,8890,424,,1Alp UMi,2.52975,89.264109,132.626,44.22,-11.74,-17,1.97,-3.643,F7:Ib-IIv SB,0.636,1.3431,1.047629,132.614909,-1.17E-05,2.69E-05,-1.75E-05,0.662287075,1.557952613,2.14E-07,-5.69E-08,Alp,1,UMi,1,11734,,2495.743795,Alp,1.993,1.953
Albireo,95648,95947,183912,7417,,6Bet1Cyg,19.512023,27.959681,133.1558,-7.09,-5.63,-24,3.05,-2.572,K3II+...,1.088,45.350466,-108.51838,62.430012,-1.19E-05,1.67E-05,-1.47E-05,5.108235547,0.487988492,-3.44E-08,-2.73E-08,Bet-1,6,Cyg,1,95648,,930.6791832,,,
Dschubba,78165,78401,143275,5953,,7Del Sco,16.005557,-22.62171,150.6024,-8.67,-36.9,-7,2.29,-3.599,B0.2IV,-0.117,-69.332609,-120.492107,-57.928452,2.98E-06,1.79E-05,-2.21E-05,4.190245125,-0.394823319,-4.20E-08,-1.79E-07,Del,7,Sco,1,78165,,2396.624529,Del,2.299,2.279
Mirzam,30251,30324,44743,2294,,2Bet CMa,6.378329,-17.955918,151.0574,-3.45,-0.47,34,1.98,-3.916,B1II/III,-0.24,-14.209731,142.995999,-46.568852,-7.50E-07,3.31E-05,-1.11E-05,1.669842696,-0.313389884,-1.67E-08,-2.28E-09,Bet,2,CMa,1,30251,,3209.223768,Bet,1.999,1.969
Hassaleh,22961,23015,31398,1577,,3Iot Aur,4.949894,33.16609,151.2859,3.63,-18.54,18,2.69,-3.209,K3IIvar,1.49,34.378539,121.884168,82.763748,3.64E-06,2.27E-05,-1.31E-06,1.295879211,0.578857475,1.76E-08,-8.99E-08,Iot,3,Aur,1,22961,,1673.400907,,,
Betelgeuse,27919,27989,39801,2061,,58Alp Ori,5.919529,7.407063,152.6718,27.33,10.86,21,0.45,-5.469,M2Ib,1.5,3.189296,151.364387,19.682142,-1.98E-05,2.07E-05,1.07E-05,1.549729118,0.129277632,1.32E-07,5.27E-08,Alp,58,Ori,1,27919,,13415.28798,Alp,0.571,0.281
Mirphak,15824,15863,20902,1017,,33Alp Per,3.405378,49.86118,155.2795,24.11,-26.01,-2,1.79,-4.166,F5Ib,0.481,62.885098,77.880689,118.708804,-5.55E-06,2.20E-05,-1.42E-05,0.891526004,0.870241752,1.17E-07,-1.26E-07,Alp,33,Per,1,15824,,4040.173354,,,
Albaldah,93846,94141,178524,7264,,41Pi  Sgr,19.162731,-21.023615,156.25,-1.17,-36.83,-10,2.88,-3.089,F2II/III,0.377,43.714239,-139.143552,-56.055078,-6.71E-06,1.84E-05,-2.24E-05,5.016791345,-0.366931299,-5.67E-09,-1.79E-07,Pi,41,Sgr,1,93846,,1498.304211,,,
Sadalmelik,108728,109074,209750,8414,,34Alp Aqr,22.096399,-0.319851,160.5136,17.9,-9.93,8,2.95,-3.078,G2Ib,0.969,140.987693,-76.722268,-0.896054,1.38E-05,8.34E-06,-7.77E-06,5.784823674,-0.005582447,8.68E-08,-4.81E-08,Alp,34,Aqr,1,108728,,1483.200967,,,
Sadalsuud,105936,106278,204867,8232,,22Bet Aqr,21.525982,-5.571172,164.7446,22.79,-6.7,7,2.9,-3.184,G0Ib,0.828,130.759282,-98.929336,-15.993766,1.63E-05,1.05E-05,-6.02E-06,5.635488812,-0.097235298,1.10E-07,-3.25E-08,Bet,22,Aqr,1,105936,,1635.309652,,,
Cih,4417,4427,5394,264,,27Gam Cas,0.945143,60.71674,168.3502,25.65,-3.82,-7,2.15,-3.981,B0IV:evar,-0.046,79.836717,20.168018,146.837047,-5.89E-06,2.01E-05,-7.77E-06,0.247437951,1.059707029,1.24E-07,-1.85E-08,Gam,27,Cas,1,4417,,3407.218617,Gam,2.173,2.133
Antares,80519,80763,148478,6134,,21Alp Sco,16.490128,-26.432002,169.7793,-10.16,-23.21,-3,1.06,-5.089,M1Ib + B2.5V,1.865,-58.542602,-140.307591,-75.574766,-3.38E-06,1.36E-05,-1.57E-05,4.317105466,-0.461325471,-4.93E-08,-1.13E-07,Alp,21,Sco,1,80519,,9453.66046,Alp,1.155,0.995
Shaula,85665,85927,158926,6527,,35Lam Sco,17.560145,-37.103821,175.1313,-8.9,-29.95,-3,1.62,-4.597,B1.5IV+...,-0.231,-16.048583,-138.749793,-105.649898,-5.46E-06,1.85E-05,-1.84E-05,4.597235152,-0.647583843,-4.31E-08,-1.45E-07,Lam,35,Sco,1,85665,,6008.969505,Lam,1.656,1.596
Avior,40921,41037,71129,3307,,Eps Car,8.375236,-59.509483,185.5288,-25.34,22.72,2,1.86,-4.482,K3III+B2V,1.196,-54.83708,76.515238,-159.872623,7.66E-06,2.84E-05,8.61E-06,2.192631676,-1.038636414,-1.23E-07,1.10E-07,Eps,,Car,1,40921,,5405.053537,,,
Saiph,27298,27366,38771,2004,,53Kap Ori,5.795941,-9.669605,198.4127,1.55,-1.2,21,2.07,-4.418,B0.5Iavar,-0.168,10.444137,195.314937,-33.326707,-3.70E-07,2.10E-05,-4.75E-06,1.517373893,-0.16876644,7.51E-09,-5.82E-09,Kap,53,Ori,1,27298,,5095.654806,,,
Enif,106972,107315,206778,8308,,8Eps Peg,21.736433,9.875011,211.4165,30.02,1.38,5,2.38,-4.246,K2Ibvar,1.52,172.769915,-116.330918,36.25782,2.12E-05,2.28E-05,2.27E-06,5.690584775,0.17235146,1.46E-07,6.69E-09,Eps,8,Peg,1,106972,,4349.106072,Eps,2.404,2.364
Mintaka,25865,25930,36486,1852,,34Del Ori,5.533445,-0.299092,212.3142,1.67,0.56,16,2.25,-4.385,O9.5II,-0.175,25.868117,210.729667,-1.108306,2.90E-07,1.65E-05,4.90E-07,1.448652417,-0.00522014,8.10E-09,2.71E-09,Del,34,Ori,1,25865,,4943.10687,Del,2.334,2.234
Alnitak,26662,26727,37742,1948,,50Zet Ori,5.679313,-1.942572,225.7336,3.99,2.54,18,1.74,-5.028,O9.5Ib SB,-0.199,18.918488,224.809409,-7.651875,-2.80E-06,1.88E-05,2.15E-06,1.486840687,-0.033904281,1.93E-08,1.23E-08,Zet,50,Ori,1,26662,,8937.169609,,,
Tureis,45425,45556,80404,3699,,Iot Car,9.284838,-59.275229,234.7418,-19.03,13.11,13,2.21,-4.643,A8Ib,0.189,-90.887872,78.251756,-201.791538,-7.40E-07,2.92E-05,-3.81E-06,2.430764937,-1.034547914,-9.23E-08,6.36E-08,Iot,,Car,1,45425,,6269.024975,,,
Rigel,24378,24436,34085,1713,,19Bet Ori,5.242298,-8.20164,264.5503,1.87,-0.56,21,0.18,-6.933,B8Ia,-0.03,51.601106,256.709905,-37.740051,1.82E-06,2.12E-05,-3.77E-06,1.372430369,-0.143145631,9.07E-09,-2.71E-09,Bet,19,Ori,1,24378,,51665.42426,,,
Sheliak,92133,92420,174638,7106,,10Bet Lyr,18.834665,33.362667,294.9853,1.1,-4.46,-19,3.52,-3.829,A8:V comp SB,0.003,53.40884,-240.514817,162.223134,-1.22E-06,1.28E-05,-1.60E-05,4.930903799,0.582288386,5.33E-09,-2.16E-08,Bet,10,Lyr,1,92133,,2962.101936,Bet,4.259,3.329
Naos,39318,39429,66811,3165,,Zet Pup,8.059737,-40.003148,332.2259,-30.82,16.77,-24,2.21,-5.397,O5IAf,-0.269,-130.674899,218.376203,-213.564535,4.33E-05,2.43E-05,3.65E-05,2.110034133,-0.698186638,-1.49E-07,8.13E-08,Zet,,Pup,1,39318,,12554.51674,Zet,2.224,2.194
Deneb,101767,102098,197345,7924,,50Alp Cyg,20.690532,45.280338,432.9004,1.56,1.55,-5,1.25,-6.932,A2Ia,0.092,197.250632,-232.113407,307.600832,-1.33E-06,6.62E-06,-1.34E-06,5.416768542,0.790290983,7.56E-09,7.51E-09,Alp,50,Cyg,1,101767,,51617.86055,Alp,1.294,1.224
Red Rectangle,30016,30089,44179,,,,6.332838,-10.637414,440.5286,-10.98,-21.1,0,8.85,0.63,B8,0.344,-37.678828,431.31548,-81.318571,2.41E-05,-6.25E-06,-4.43E-05,1.657933057,-0.185657901,-5.32E-08,-1.02E-07,,,Mon,1,30016,,48.75284901,V777,8.897,8.767
Wezen,34354,34444,54605,2693,,25Del CMa,7.139857,-26.3932,492.6108,-2.75,3.33,34,1.83,-6.633,F8Ia,0.671,-129.733458,421.761488,-218.979855,-3.92E-06,3.51E-05,-8.33E-06,1.869210132,-0.460648234,-1.33E-08,1.61E-08,Del,25,CMa,1,34354,,39192.23225,,,
Sadr,100128,100453,194093,7796,,37Gam Cyg,20.370473,40.256679,561.7978,2.43,-0.93,-8,2.23,-6.518,F8Ib,0.673,249.318228,-348.795593,363.040966,2.70E-06,7.60E-06,-7.22E-06,5.332977255,0.702611598,1.18E-08,-4.51E-09,Gam,37,Cyg,1,100128,,35253.31812,,,
Cygnus X-1,97987,98298,226868,,,,19.972688,35.201604,595.2381,-3.82,-7.62,-2.7,8.84,-0.033,B0Ib,0.73,240.17499,-422.950898,343.12808,-4.44E-06,-1.45E-05,-1.96E-05,5.228837433,0.614383894,-1.85E-08,-3.69E-08,,,Cyg,1,97987,,89.78421709,V1357,8.883,8.793
Alnilam,26246,26311,37128,1903,,46Eps Ori,5.603559,-1.20192,606.0606,1.49,-1.06,26,1.69,-7.223,B0Ia,-0.184,62.775122,602.66691,-12.712683,-1.61E-06,2.68E-05,-3.67E-06,1.467008387,-0.020977458,7.22E-09,-5.14E-09,Eps,46,Ori,1,26246,,67483.87309,Eps,1.717,1.667
Aludra,35806,35904,58350,2827,,31Eta CMa,7.401584,-29.303104,609.7561,-3.76,6.66,41,2.45,-6.476,B5Ia,-0.083,-190.762166,496.337122,-298.432917,-6.20E-06,4.71E-05,-3.36E-06,1.937730188,-0.511435637,-1.82E-08,3.23E-08,Eta,31,CMa,1,35806,,33915.63869,Eta,2.509,2.409
Arneb,25920,25985,36673,1865,,11Alp Lep,5.545504,-17.822289,680.2721,3.27,1.54,24,2.58,-6.583,F0Ib,0.211,76.877195,643.047236,-208.208,-7.75E-06,2.60E-05,-2.68E-06,1.451809652,-0.311057615,1.59E-08,7.47E-09,Alp,11,Lep,1,25920,,37428.29122,,,
Hatsya,26176,26241,37043,1899,,44Iot Ori,5.590551,-5.909901,714.2857,2.27,-0.62,22,2.75,-6.519,O9III,-0.21,76.014147,706.411475,-73.54604,-5.44E-06,2.29E-05,-4.45E-06,1.463602742,-0.103147236,1.10E-08,-3.01E-09,Iot,44,Ori,1,26176,,35285.80258,,,
3C 273,60731,60936,,,,,12.485193,2.052398,100000,-11.01,4.38,0,12.88,-7.12,,0.12,-99130.70606,-12660.05862,3581.344963,-0.00060072,0.00530397,0.00212194,3.268615816,0.03582111,-5.34E-08,2.12E-08,,,,1,60731,,61376.20052,,13.034,12.694
Campbell's Hydrogen Star,95992,96295,184738,,,,19.579231,30.516371,100000,-4.16,-10.19,-30.4,10,-10,WC...,-0.013,34611.2841,-78889.8449,50778.45341,-0.00084972,-0.00308271,-0.00427137,5.125830766,0.532611152,-2.02E-08,-4.94E-08,,,Cyg,1,95992,,870963.59,V1966,10.048,9.938
Babcock's star,111893,112247,215441,,,,22.735418,55.589226,100000,4.96,-0.98,0,8.83,-11.17,A0p,0.031,53443.38342,-18369.41072,82500.72435,0.00115224,0.00214649,-0.00026848,5.952118392,0.970215017,2.40E-08,-4.75E-09,,,Lac,1,111893,,2558585.887,GL,8.907,8.757
